{"cameraMode":{"drawMode":0,"name":"Shaded","section":"Shading Mode"},"sceneLighting":true,"audioPlay":false,"sceneViewState":{"showFog":true,"showMaterialUpdate":true,"showSkybox":true,"showFlares":true,"showImageEffects":true,"showParticleSystems":true},"in2DMode":false,"pivot":{"x":11.168922424316407,"y":3.9906868934631349,"z":6.407229423522949},"rotation":{"x":-0.1677449345588684,"y":0.40135398507118227,"z":-0.07502926141023636,"w":-0.8973028659820557},"size":4.419615268707275,"orthographic":false}