{"cameraMode":{"drawMode":0,"name":"Shaded","section":"Shading Mode"},"sceneLighting":false,"audioPlay":false,"sceneViewState":{"showFog":true,"showMaterialUpdate":true,"showSkybox":false,"showFlares":true,"showImageEffects":true,"showParticleSystems":true},"in2DMode":false,"pivot":{"x":0.0,"y":1.2899999618530274,"z":-0.02500009536743164},"rotation":{"x":-0.21334613859653474,"y":0.12795951962471009,"z":-0.02819809690117836,"w":-0.968150794506073},"size":1.4011156558990479,"orthographic":false}