{"cameraMode":{"drawMode":0,"name":"Shaded","section":"Shading Mode"},"sceneLighting":true,"audioPlay":false,"sceneViewState":{"showFog":true,"showMaterialUpdate":true,"showSkybox":true,"showFlares":true,"showImageEffects":true,"showParticleSystems":true},"in2DMode":false,"pivot":{"x":32.55844497680664,"y":1.6341118812561036,"z":-0.3492608070373535},"rotation":{"x":-0.21334613859653474,"y":0.12795951962471009,"z":-0.02819809690117836,"w":-0.968150794506073},"size":6.0438361167907719,"orthographic":false}