{"cameraMode":{"drawMode":0,"name":"Shaded","section":"Shading Mode"},"sceneLighting":true,"audioPlay":false,"sceneViewState":{"showFog":true,"showMaterialUpdate":true,"showSkybox":true,"showFlares":true,"showImageEffects":true,"showParticleSystems":true},"in2DMode":false,"pivot":{"x":41.7186164855957,"y":4.88207483291626,"z":-2.116558790206909},"rotation":{"x":-0.2305416315793991,"y":-0.2413189709186554,"z":0.05914074555039406,"w":-0.9408177733421326},"size":0.41613245010375979,"orthographic":false}