{"cameraMode":{"drawMode":0,"name":"Shaded","section":"Shading Mode"},"sceneLighting":true,"audioPlay":false,"sceneViewState":{"showFog":true,"showMaterialUpdate":true,"showSkybox":true,"showFlares":true,"showImageEffects":true,"showParticleSystems":true},"in2DMode":false,"pivot":{"x":892.84912109375,"y":144.24749755859376,"z":427.7343444824219},"rotation":{"x":0.07624772936105728,"y":-0.6886605024337769,"z":0.07320418953895569,"w":0.7173446416854858},"size":121.5754623413086,"orthographic":false}