{"cameraMode":{"drawMode":0,"name":"Shaded","section":"Shading Mode"},"sceneLighting":false,"audioPlay":false,"sceneViewState":{"showFog":true,"showMaterialUpdate":true,"showSkybox":true,"showFlares":true,"showImageEffects":true,"showParticleSystems":true},"in2DMode":false,"pivot":{"x":10.94255256652832,"y":-20.53838539123535,"z":15.889925956726075},"rotation":{"x":-0.35525813698768618,"y":-0.2865894138813019,"z":0.11540457606315613,"w":-0.882247805595398},"size":20.425264358520509,"orthographic":false}