{"cameraMode":{"drawMode":0,"name":"Shaded","section":"Shading Mode"},"sceneLighting":true,"audioPlay":false,"sceneViewState":{"showFog":true,"showMaterialUpdate":true,"showSkybox":true,"showFlares":true,"showImageEffects":true,"showParticleSystems":true},"in2DMode":false,"pivot":{"x":-687.5062866210938,"y":330.2298583984375,"z":1249.898193359375},"rotation":{"x":0.016801122575998308,"y":-0.029996924102306367,"z":0.0005007563740946353,"w":0.9994136095046997},"size":649.7539672851563,"orthographic":false}