{"cameraMode":{"drawMode":0,"name":"Shaded","section":"Shading Mode"},"sceneLighting":true,"audioPlay":false,"sceneViewState":{"showFog":true,"showMaterialUpdate":true,"showSkybox":true,"showFlares":true,"showImageEffects":true,"showParticleSystems":true},"in2DMode":false,"pivot":{"x":2.742868661880493,"y":-1.5011852979660035,"z":-4.354583263397217},"rotation":{"x":0.035997383296489719,"y":-0.9566329717636108,"z":0.2558274567127228,"w":0.1346064656972885},"size":3.446441650390625,"orthographic":false}