{"cameraMode":{"drawMode":0,"name":"Shaded","section":"Shading Mode"},"sceneLighting":true,"audioPlay":false,"sceneViewState":{"showFog":true,"showMaterialUpdate":true,"showSkybox":true,"showFlares":true,"showImageEffects":true,"showParticleSystems":true},"in2DMode":false,"pivot":{"x":59.09297180175781,"y":1.0341057777404786,"z":-8.052408218383789},"rotation":{"x":-0.04044348746538162,"y":-0.8265374302864075,"z":0.05986581742763519,"w":-0.5582433342933655},"size":3.024744987487793,"orthographic":false}