{"cameraMode":{"drawMode":0,"name":"Shaded","section":"Shading Mode"},"sceneLighting":true,"audioPlay":false,"sceneViewState":{"showFog":true,"showMaterialUpdate":true,"showSkybox":true,"showFlares":true,"showImageEffects":true,"showParticleSystems":true},"in2DMode":false,"pivot":{"x":65.0147705078125,"y":-2.0795724391937258,"z":-17.60426902770996},"rotation":{"x":0.06337416917085648,"y":0.9282686114311218,"z":-0.18654364347457887,"w":0.3154919445514679},"size":5.516132831573486,"orthographic":false}