{"cameraMode":{"drawMode":0,"name":"Shaded","section":"Shading Mode"},"sceneLighting":true,"audioPlay":false,"sceneViewState":{"showFog":true,"showMaterialUpdate":true,"showSkybox":true,"showFlares":true,"showImageEffects":true,"showParticleSystems":true},"in2DMode":false,"pivot":{"x":6.368382930755615,"y":-6.885977745056152,"z":-13.118541717529297},"rotation":{"x":-0.00341207068413496,"y":-0.965823769569397,"z":0.2588936686515808,"w":-0.012756242416799069},"size":8.639527320861817,"orthographic":false}