{"cameraMode":{"drawMode":0,"name":"Shaded","section":"Shading Mode"},"sceneLighting":true,"audioPlay":false,"sceneViewState":{"showFog":true,"showMaterialUpdate":true,"showSkybox":true,"showFlares":true,"showImageEffects":true,"showParticleSystems":true},"in2DMode":false,"pivot":{"x":55.24461364746094,"y":0.7494862079620361,"z":-14.518911361694336},"rotation":{"x":-0.006032681092619896,"y":-0.9837560653686523,"z":0.17628256976604463,"w":-0.03431205451488495},"size":1.3404691219329835,"orthographic":false}