{"cameraMode":{"drawMode":0,"name":"Shaded","section":"Shading Mode"},"sceneLighting":true,"audioPlay":false,"sceneViewState":{"showFog":true,"showMaterialUpdate":true,"showSkybox":true,"showFlares":true,"showImageEffects":true,"showParticleSystems":true},"in2DMode":false,"pivot":{"x":-9.908101081848145,"y":3.077402114868164,"z":4.220828056335449},"rotation":{"x":-0.01189944427460432,"y":-0.9619616866111755,"z":0.26966145634651186,"w":-0.042513273656368259},"size":4.58683967590332,"orthographic":false}