{"cameraMode":{"drawMode":0,"name":"Shaded","section":"Shading Mode"},"sceneLighting":false,"audioPlay":false,"sceneViewState":{"showFog":true,"showMaterialUpdate":true,"showSkybox":false,"showFlares":true,"showImageEffects":true,"showParticleSystems":true},"in2DMode":false,"pivot":{"x":3.2943952083587648,"y":-3.671603202819824,"z":15.432723999023438},"rotation":{"x":0.002380685182288289,"y":0.9552276730537415,"z":-0.29581040143966677,"w":0.00776042602956295},"size":7.163672924041748,"orthographic":false}