{"cameraMode":{"drawMode":0,"name":"Shaded","section":"Shading Mode"},"sceneLighting":false,"audioPlay":false,"sceneViewState":{"showFog":true,"showMaterialUpdate":true,"showSkybox":false,"showFlares":true,"showImageEffects":true,"showParticleSystems":true},"in2DMode":false,"pivot":{"x":-4.872766971588135,"y":-2.995439052581787,"z":-3.4664812088012697},"rotation":{"x":0.07249107211828232,"y":0.6314274072647095,"z":-0.05946424603462219,"w":0.7697466015815735},"size":10.0,"orthographic":false}