{"cameraMode":{"drawMode":0,"name":"Shaded","section":"Shading Mode"},"sceneLighting":true,"audioPlay":false,"sceneViewState":{"showFog":true,"showMaterialUpdate":true,"showSkybox":true,"showFlares":true,"showImageEffects":true,"showParticleSystems":true},"in2DMode":false,"pivot":{"x":44.14068603515625,"y":8.457942008972168,"z":24.31945037841797},"rotation":{"x":-0.17437562346458436,"y":-0.70966637134552,"z":0.1886560320854187,"w":-0.6560589075088501},"size":20.36992835998535,"orthographic":false}