{"cameraMode":{"drawMode":0,"name":"Shaded","section":"Shading Mode"},"sceneLighting":true,"audioPlay":false,"sceneViewState":{"showFog":true,"showMaterialUpdate":true,"showSkybox":true,"showFlares":true,"showImageEffects":true,"showParticleSystems":true},"in2DMode":false,"pivot":{"x":-29.846628189086915,"y":-5.496203899383545,"z":2.2269012928009035},"rotation":{"x":-0.07473791390657425,"y":0.6539369225502014,"z":-0.06514956057071686,"w":-0.7500463128089905},"size":17.475555419921876,"orthographic":false}