{"cameraMode":{"drawMode":0,"name":"Shaded","section":"Shading Mode"},"sceneLighting":true,"audioPlay":false,"sceneViewState":{"showFog":true,"showMaterialUpdate":true,"showSkybox":true,"showFlares":true,"showImageEffects":true,"showParticleSystems":true},"in2DMode":false,"pivot":{"x":12.288107872009278,"y":-6.351856708526611,"z":-13.270768165588379},"rotation":{"x":-0.00341207068413496,"y":-0.965823769569397,"z":0.2588936686515808,"w":-0.012756242416799069},"size":12.487140655517579,"orthographic":false}