{"cameraMode":{"drawMode":0,"name":"Shaded","section":"Shading Mode"},"sceneLighting":false,"audioPlay":false,"sceneViewState":{"showFog":true,"showMaterialUpdate":true,"showSkybox":false,"showFlares":true,"showImageEffects":true,"showParticleSystems":true},"in2DMode":false,"pivot":{"x":31.52300262451172,"y":1.794520616531372,"z":-2.2367827892303469},"rotation":{"x":-0.053070876747369769,"y":-0.7934908866882324,"z":0.0699261873960495,"w":-0.6022188663482666},"size":0.9635416269302368,"orthographic":false}