{"cameraMode":{"drawMode":0,"name":"Shaded","section":"Shading Mode"},"sceneLighting":false,"audioPlay":false,"sceneViewState":{"showFog":true,"showMaterialUpdate":true,"showSkybox":false,"showFlares":true,"showImageEffects":true,"showParticleSystems":true},"in2DMode":false,"pivot":{"x":-4.734534740447998,"y":-0.6305422782897949,"z":16.880008697509767},"rotation":{"x":-0.09827553480863571,"y":0.4140639901161194,"z":-0.045023322105407718,"w":-0.9038063883781433},"size":6.689868927001953,"orthographic":false}