{"cameraMode":{"drawMode":0,"name":"Shaded","section":"Shading Mode"},"sceneLighting":false,"audioPlay":false,"sceneViewState":{"showFog":true,"showMaterialUpdate":true,"showSkybox":false,"showFlares":true,"showImageEffects":true,"showParticleSystems":true},"in2DMode":false,"pivot":{"x":-2.2769999504089357,"y":0.5505199432373047,"z":-8.741543769836426},"rotation":{"x":-0.12591545283794404,"y":0.8739558458328247,"z":-0.32329168915748598,"w":-0.3403644561767578},"size":0.7288689613342285,"orthographic":false}