{"cameraMode":{"drawMode":0,"name":"Shaded","section":"Shading Mode"},"sceneLighting":true,"audioPlay":false,"sceneViewState":{"showFog":true,"showMaterialUpdate":true,"showSkybox":true,"showFlares":true,"showImageEffects":true,"showParticleSystems":true},"in2DMode":false,"pivot":{"x":23.021543502807618,"y":0.2833843231201172,"z":-15.601696014404297},"rotation":{"x":0.03254403546452522,"y":0.9653432965278626,"z":-0.21272678673267365,"w":0.14767132699489594},"size":23.722843170166017,"orthographic":false}