{"cameraMode":{"drawMode":0,"name":"Shaded","section":"Shading Mode"},"sceneLighting":true,"audioPlay":false,"sceneViewState":{"showFog":true,"showMaterialUpdate":true,"showSkybox":true,"showFlares":true,"showImageEffects":true,"showParticleSystems":true},"in2DMode":false,"pivot":{"x":2.993741035461426,"y":-4.597250461578369,"z":-25.161237716674806},"rotation":{"x":-0.022554174065589906,"y":0.969372034072876,"z":-0.22431281208992005,"w":-0.09746121615171433},"size":2.0843794345855715,"orthographic":false}