{"cameraMode":{"drawMode":0,"name":"Shaded","section":"Shading Mode"},"sceneLighting":false,"audioPlay":false,"sceneViewState":{"showFog":true,"showMaterialUpdate":true,"showSkybox":false,"showFlares":true,"showImageEffects":true,"showParticleSystems":true},"in2DMode":false,"pivot":{"x":37.64967346191406,"y":-0.4213883876800537,"z":0.9081060886383057},"rotation":{"x":0.11621342599391937,"y":0.7492802739143372,"z":-0.13658621907234193,"w":0.6375216245651245},"size":5.53391695022583,"orthographic":false}