{"cameraMode":{"drawMode":0,"name":"Shaded","section":"Shading Mode"},"sceneLighting":true,"audioPlay":false,"sceneViewState":{"showFog":true,"showMaterialUpdate":true,"showSkybox":true,"showFlares":true,"showImageEffects":true,"showParticleSystems":true},"in2DMode":false,"pivot":{"x":38.09281921386719,"y":2.0301461219787599,"z":-16.762706756591798},"rotation":{"x":-0.021878227591514589,"y":0.7253707647323608,"z":-0.023082442581653596,"w":-0.6876340508460999},"size":1.7304701805114747,"orthographic":false}