{"cameraMode":{"drawMode":0,"name":"Shaded","section":"Shading Mode"},"sceneLighting":true,"audioPlay":false,"sceneViewState":{"showFog":true,"showMaterialUpdate":true,"showSkybox":true,"showFlares":true,"showImageEffects":true,"showParticleSystems":true},"in2DMode":false,"pivot":{"x":87.69525146484375,"y":0.8201271295547485,"z":6.660884857177734},"rotation":{"x":0.011437641456723214,"y":0.9665957689285278,"z":-0.04382670298218727,"w":0.2522778809070587},"size":7.180408477783203,"orthographic":false}