{"cameraMode":{"drawMode":0,"name":"Shaded","section":"Shading Mode"},"sceneLighting":true,"audioPlay":false,"sceneViewState":{"showFog":true,"showMaterialUpdate":true,"showSkybox":true,"showFlares":true,"showImageEffects":true,"showParticleSystems":true},"in2DMode":false,"pivot":{"x":-30.533323287963868,"y":8.191471099853516,"z":19.11092758178711},"rotation":{"x":0.07671894133090973,"y":0.9231233596801758,"z":-0.27528077363967898,"w":0.25727343559265139},"size":6.559730052947998,"orthographic":false}