{"cameraMode":{"drawMode":0,"name":"Shaded","section":"Shading Mode"},"sceneLighting":true,"audioPlay":false,"sceneViewState":{"showFog":true,"showMaterialUpdate":true,"showSkybox":true,"showFlares":true,"showImageEffects":true,"showParticleSystems":true},"in2DMode":false,"pivot":{"x":44.307613372802737,"y":0.5291377305984497,"z":4.628856182098389},"rotation":{"x":-0.06455990672111511,"y":-0.07770684361457825,"z":0.005140698980540037,"w":-0.9949027895927429},"size":4.040468692779541,"orthographic":false}