{"cameraMode":{"drawMode":0,"name":"Shaded","section":"Shading Mode"},"sceneLighting":true,"audioPlay":false,"sceneViewState":{"showFog":true,"showMaterialUpdate":true,"showSkybox":true,"showFlares":true,"showImageEffects":true,"showParticleSystems":true},"in2DMode":false,"pivot":{"x":48.55929183959961,"y":1.583672285079956,"z":-8.929426193237305},"rotation":{"x":0.05222037062048912,"y":-0.8758452534675598,"z":-0.09734340012073517,"w":-0.46980422735214236},"size":1.7325830459594727,"orthographic":false}