{"cameraMode":{"drawMode":0,"name":"Shaded","section":"Shading Mode"},"sceneLighting":false,"audioPlay":false,"sceneViewState":{"showFog":true,"showMaterialUpdate":true,"showSkybox":false,"showFlares":true,"showImageEffects":true,"showParticleSystems":true},"in2DMode":false,"pivot":{"x":6.060329437255859,"y":-1.0107190608978272,"z":0.7239493727684021},"rotation":{"x":-0.10523765534162522,"y":0.7829152345657349,"z":-0.1378530114889145,"w":-0.5974950790405273},"size":2.0915768146514894,"orthographic":false}