{"cameraMode":{"drawMode":0,"name":"Shaded","section":"Shading Mode"},"sceneLighting":false,"audioPlay":false,"sceneViewState":{"showFog":true,"showMaterialUpdate":true,"showSkybox":false,"showFlares":true,"showImageEffects":true,"showParticleSystems":true},"in2DMode":false,"pivot":{"x":-9.470000267028809,"y":1.5,"z":4.502630233764648},"rotation":{"x":0.37309929728507998,"y":0.04470880329608917,"z":-0.01803739368915558,"w":0.9265586137771606},"size":7.141428470611572,"orthographic":false}