{"cameraMode":{"drawMode":0,"name":"Shaded","section":"Shading Mode"},"sceneLighting":true,"audioPlay":false,"sceneViewState":{"showFog":true,"showMaterialUpdate":true,"showSkybox":true,"showFlares":true,"showImageEffects":true,"showParticleSystems":true},"in2DMode":false,"pivot":{"x":134.1944580078125,"y":297.3018493652344,"z":0.0},"rotation":{"x":-0.03466706722974777,"y":-0.9402612447738648,"z":0.10081258416175842,"w":-0.3233337700366974},"size":13.545686721801758,"orthographic":false}