{"cameraMode":{"drawMode":0,"name":"Shaded","section":"Shading Mode"},"sceneLighting":true,"audioPlay":false,"sceneViewState":{"showFog":true,"showMaterialUpdate":true,"showSkybox":true,"showFlares":true,"showImageEffects":true,"showParticleSystems":true},"in2DMode":false,"pivot":{"x":472.4700012207031,"y":118.11235046386719,"z":-170.8189697265625},"rotation":{"x":-0.004689889494329691,"y":0.9953163862228394,"z":0.06638754159212113,"w":0.07026620209217072},"size":308.0243835449219,"orthographic":false}